Strain,Strain Rate,Temperature,Flow Stress
0.1,0.001,850,21.8
0.1,0.001,900,15.3
0.1,0.001,950,10.6
0.1,0.001,1000,8.9
0.1,0.001,1050,5.8
0.1,0.001,1100,5.4
0.1,0.001,1150,2.9
0.1,0.001,1200,1.6
0.1,0.01,850,35.4
0.1,0.01,900,27.1
0.1,0.01,950,13.1
0.1,0.01,1000,14.4
0.1,0.01,1050,12.7
0.1,0.01,1100,8.3
0.1,0.01,1150,6.8
0.1,0.01,1200,4.1
0.1,0.1,850,54.6
0.1,0.1,900,39.9
0.1,0.1,950,21.6
0.1,0.1,1000,23.6
0.1,0.1,1050,23.2
0.1,0.1,1100,20.0
0.1,0.1,1150,10.7
0.1,0.1,1200,8.1
0.1,1,850,87.5
0.1,1,900,62.2
0.1,1,950,34.3
0.1,1,1000,36.5
0.1,1,1050,34.1
0.1,1,1100,25.2
0.1,1,1150,16.3
0.1,1,1200,16.5
0.1,10,850,165.4
0.1,10,900,97.9
0.1,10,950,81.1
0.1,10,1000,64.6
0.1,10,1050,47.9
0.1,10,1100,38.1
0.1,10,1150,25.1
0.1,10,1200,26.3
0.1,100,850,192.1
0.1,100,900,154.7
0.1,100,950,118.7
0.1,100,1000,101.6
0.1,100,1050,96.8
0.1,100,1100,57.4
0.1,100,1150,51.5
0.1,100,1200,42.6
0.2,0.001,850,22.9
0.2,0.001,900,15.8
0.2,0.001,950,10.7
0.2,0.001,1000,9.1
0.2,0.001,1050,6.6
0.2,0.001,1100,5.5
0.2,0.001,1150,3.4
0.2,0.001,1200,1.6
0.2,0.01,850,38.3
0.2,0.01,900,29.7
0.2,0.01,950,13.9
0.2,0.01,1000,15.3
0.2,0.01,1050,14.0
0.2,0.01,1100,8.5
0.2,0.01,1150,7.5
0.2,0.01,1200,4.1
0.2,0.1,850,62.2
0.2,0.1,900,43.2
0.2,0.1,950,23.4
0.2,0.1,1000,24.9
0.2,0.1,1050,25.4
0.2,0.1,1100,21.5
0.2,0.1,1150,11.5
0.2,0.1,1200,9.4
0.2,1,850,92.2
0.2,1,900,66.8
0.2,1,950,36.7
0.2,1,1000,39.0
0.2,1,1050,36.0
0.2,1,1100,27.2
0.2,1,1150,17.5
0.2,1,1200,17.6
0.2,10,850,160.5
0.2,10,900,108.6
0.2,10,950,83.3
0.2,10,1000,66.8
0.2,10,1050,56.7
0.2,10,1100,38.8
0.2,10,1150,24.3
0.2,10,1200,30.1
0.2,100,850,211.5
0.2,100,900,172.4
0.2,100,950,130.6
0.2,100,1000,113.8
0.2,100,1050,104.2
0.2,100,1100,65.7
0.2,100,1150,57.8
0.2,100,1200,47.3
0.3,0.001,850,23.2
0.3,0.001,900,16.6
0.3,0.001,950,11.5
0.3,0.001,1000,9.5
0.3,0.001,1050,7.3
0.3,0.001,1100,5.6
0.3,0.001,1150,3.6
0.3,0.001,1200,1.6
0.3,0.01,850,41.3
0.3,0.01,900,32.5
0.3,0.01,950,14.4
0.3,0.01,1000,16.2
0.3,0.01,1050,15.0
0.3,0.01,1100,8.9
0.3,0.01,1150,8.2
0.3,0.01,1200,4.2
0.3,0.1,850,67.1
0.3,0.1,900,45.9
0.3,0.1,950,24.6
0.3,0.1,1000,26.5
0.3,0.1,1050,27.0
0.3,0.1,1100,22.5
0.3,0.1,1150,11.9
0.3,0.1,1200,9.8
0.3,1,850,99.1
0.3,1,900,71.3
0.3,1,950,39.2
0.3,1,1000,41.7
0.3,1,1050,37.9
0.3,1,1100,28.6
0.3,1,1150,18.2
0.3,1,1200,18.5
0.3,10,850,169.9
0.3,10,900,114.7
0.3,10,950,89.0
0.3,10,1000,71.5
0.3,10,1050,58.3
0.3,10,1100,43.7
0.3,10,1150,25.8
0.3,10,1200,31.3
0.3,100,850,217.1
0.3,100,900,180.7
0.3,100,950,139.5
0.3,100,1000,121.2
0.3,100,1050,108.1
0.3,100,1100,71.4
0.3,100,1150,61.2
0.3,100,1200,48.1
0.4,0.001,850,23.1
0.4,0.001,900,17.4
0.4,0.001,950,12.1
0.4,0.001,1000,10.0
0.4,0.001,1050,8.5
0.4,0.001,1100,5.8
0.4,0.001,1150,4.0
0.4,0.001,1200,1.6
0.4,0.01,850,44.0
0.4,0.01,900,34.9
0.4,0.01,950,14.9
0.4,0.01,1000,16.9
0.4,0.01,1050,16.0
0.4,0.01,1100,9.3
0.4,0.01,1150,9.6
0.4,0.01,1200,4.5
0.4,0.1,850,74.4
0.4,0.1,900,50.0
0.4,0.1,950,25.8
0.4,0.1,1000,27.5
0.4,0.1,1050,28.3
0.4,0.1,1100,23.9
0.4,0.1,1150,12.2
0.4,0.1,1200,10.1
0.4,1,850,104.6
0.4,1,900,74.4
0.4,1,950,40.9
0.4,1,1000,43.2
0.4,1,1050,39.8
0.4,1,1100,29.7
0.4,1,1150,18.5
0.4,1,1200,19.4
0.4,10,850,169.8
0.4,10,900,119.4
0.4,10,950,90.0
0.4,10,1000,73.5
0.4,10,1050,62.3
0.4,10,1100,45.7
0.4,10,1150,27.7
0.4,10,1200,31.8
0.4,100,850,213.8
0.4,100,900,180.8
0.4,100,950,141.9
0.4,100,1000,122.3
0.4,100,1050,107.6
0.4,100,1100,74.4
0.4,100,1150,60.6
0.4,100,1200,46.1
0.5,0.001,850,22.8
0.5,0.001,900,17.8
0.5,0.001,950,12.9
0.5,0.001,1000,10.8
0.5,0.001,1050,10.3
0.5,0.001,1100,6.0
0.5,0.001,1150,4.1
0.5,0.001,1200,1.8
0.5,0.01,850,45.8
0.5,0.01,900,38.1
0.5,0.01,950,15.7
0.5,0.01,1000,18.7
0.5,0.01,1050,18.1
0.5,0.01,1100,9.6
0.5,0.01,1150,11.5
0.5,0.01,1200,4.9
0.5,0.1,850,85.3
0.5,0.1,900,53.8
0.5,0.1,950,26.4
0.5,0.1,1000,28.7
0.5,0.1,1050,30.5
0.5,0.1,1100,25.5
0.5,0.1,1150,12.5
0.5,0.1,1200,10.5
0.5,1,850,107.6
0.5,1,900,78.8
0.5,1,950,42.2
0.5,1,1000,44.7
0.5,1,1050,41.6
0.5,1,1100,32.5
0.5,1,1150,18.9
0.5,1,1200,19.9
0.5,10,850,173.7
0.5,10,900,125.7
0.5,10,950,95.0
0.5,10,1000,77.1
0.5,10,1050,70.1
0.5,10,1100,47.6
0.5,10,1150,29.8
0.5,10,1200,32.8
0.5,100,850,203.3
0.5,100,900,172.6
0.5,100,950,132.0
0.5,100,1000,116.5
0.5,100,1050,102.5
0.5,100,1100,69.4
0.5,100,1150,55.1
0.5,100,1200,42.2
