Strain, Strain Rate (/s), Temperature (deg C), Flow Stress (MPa)
   0.1,            0.001,                 850,              23.3
   0.1,            0.001,                 900,              16.9
   0.1,            0.001,                 950,              13.0
   0.1,            0.001,                1000,               7.9
   0.1,            0.001,                1050,               7.3
   0.1,            0.001,                1100,               5.4
   0.1,            0.001,                1150,               3.5
   0.1,            0.001,                1200,               2.3
   0.1,            0.01 ,                 850,              41.1
   0.1,            0.01 ,                 900,              27.7
   0.1,            0.01 ,                 950,              20.1
   0.1,            0.01 ,                1000,              15.8
   0.1,            0.01 ,                1050,              10.8
   0.1,            0.01 ,                1100,               8.7
   0.1,            0.01 ,                1150,               8.4
   0.1,            0.01 ,                1200,               4.6
   0.1,            0.1  ,                 850,              60.1
   0.1,            0.1  ,                 900,              42.5
   0.1,            0.1  ,                 950,              34.8
   0.1,            0.1  ,                1000,              24.4
   0.1,            0.1  ,                1050,              20.2
   0.1,            0.1  ,                1100,              16.0
   0.1,            0.1  ,                1150,              12.4
   0.1,            0.1  ,                1200,               8.4
   0.1,            1.0  ,                 850,              93.9
   0.1,            1.0  ,                 900,              74.1
   0.1,            1.0  ,                 950,              54.2
   0.1,            1.0  ,                1000,              41.2
   0.1,            1.0  ,                1050,              38.2
   0.1,            1.0  ,                1100,              28.3
   0.1,            1.0  ,                1150,              23.7
   0.1,            1.0  ,                1200,              17.7
   0.1,           10.0  ,                 850,             149.8
   0.1,           10.0  ,                 900,             127.7
   0.1,           10.0  ,                 950,             102.1
   0.1,           10.0  ,                1000,              72.0
   0.1,           10.0  ,                1050,              60.0
   0.1,           10.0  ,                1100,              47.1
   0.1,           10.0  ,                1150,              40.9
   0.1,           10.0  ,                1200,              27.6
   0.1,          100.0  ,                 850,             246.1
   0.1,          100.0  ,                 900,             147.8
   0.1,          100.0  ,                 950,             133.1
   0.1,          100.0  ,                1000,             109.0
   0.1,          100.0  ,                1050,              75.8
   0.1,          100.0  ,                1100,              64.8
   0.1,          100.0  ,                1150,              53.2
   0.1,          100.0  ,                1200,              39.7
   0.2,            0.001,                 900,              25.1
   0.2,            0.001,                 850,              17.4
   0.2,            0.001,                 950,              13.4
   0.2,            0.001,                1000,               8.6
   0.2,            0.001,                1050,               7.8
   0.2,            0.001,                1100,               5.4
   0.2,            0.001,                1150,               3.6
   0.2,            0.001,                1200,               2.4
   0.2,            0.01 ,                 850,              43.5
   0.2,            0.01 ,                 900,              30.2
   0.2,            0.01 ,                 950,              21.4
   0.2,            0.01 ,                1000,              17.1
   0.2,            0.01 ,                1050,              11.9
   0.2,            0.01 ,                1100,               9.4
   0.2,            0.01 ,                1150,               8.5
   0.2,            0.01 ,                1200,               5.2
   0.2,            0.1  ,                 850,              64.7
   0.2,            0.1  ,                 900,              45.0
   0.2,            0.1  ,                 950,              37.5
   0.2,            0.1  ,                1000,              26.9
   0.2,            0.1  ,                1050,              21.9
   0.2,            0.1  ,                1100,              17.3
   0.2,            0.1  ,                1150,              13.0
   0.2,            0.1  ,                1200,               9.3
   0.2,            1.0  ,                 850,              97.1
   0.2,            1.0  ,                 900,              78.2
   0.2,            1.0  ,                 950,              57.6
   0.2,            1.0  ,                1000,              44.2
   0.2,            1.0  ,                1050,              40.7
   0.2,            1.0  ,                1100,              30.3
   0.2,            1.0  ,                1150,              25.2
   0.2,            1.0  ,                1200,              19.3
   0.2,           10.0  ,                 850,             139.3
   0.2,           10.0  ,                 900,             120.6
   0.2,           10.0  ,                 950,              98.9
   0.2,           10.0  ,                1000,              71.5
   0.2,           10.0  ,                1050,              60.9
   0.2,           10.0  ,                1100,              45.9
   0.2,           10.0  ,                1150,              39.6
   0.2,           10.0  ,                1200,              28.4
   0.2,          100.0  ,                 850,             262.3
   0.2,          100.0  ,                 900,             164.7
   0.2,          100.0  ,                 950,             147.2
   0.2,          100.0  ,                1000,             121.4
   0.2,          100.0  ,                1050,              86.0
   0.2,          100.0  ,                1100,              73.4
   0.2,          100.0  ,                1150,              59.7
   0.2,          100.0  ,                1200,              45.4
   0.3,            0.001,                 900,              26.2
   0.3,            0.001,                 850,              17.9
   0.3,            0.001,                 950,              13.6
   0.3,            0.001,                1000,               9.1
   0.3,            0.001,                1050,               7.9
   0.3,            0.001,                1100,               5.8
   0.3,            0.001,                1150,               3.4
   0.3,            0.001,                1200,               2.4
   0.3,            0.01 ,                 850,              45.9
   0.3,            0.01 ,                 900,              31.5
   0.3,            0.01 ,                 950,              22.7
   0.3,            0.01 ,                1000,              18.0
   0.3,            0.01 ,                1050,              12.3
   0.3,            0.01 ,                1100,               9.7
   0.3,            0.01 ,                1150,               8.6
   0.3,            0.01 ,                1200,               5.3
   0.3,            0.1  ,                 850,              68.6
   0.3,            0.1  ,                 900,              47.5
   0.3,            0.1  ,                 950,              39.2
   0.3,            0.1  ,                1000,              28.7
   0.3,            0.1  ,                1050,              22.5
   0.3,            0.1  ,                1100,              17.6
   0.3,            0.1  ,                1150,              13.6
   0.3,            0.1  ,                1200,               9.6
   0.3,            1.0  ,                 850,             100.7
   0.3,            1.0  ,                 900,              80.9
   0.3,            1.0  ,                 950,              59.9
   0.3,            1.0  ,                1000,              46.7
   0.3,            1.0  ,                1050,              42.5
   0.3,            1.0  ,                1100,              31.5
   0.3,            1.0  ,                1150,              25.8
   0.3,            1.0  ,                1200,              20.4
   0.3,           10.0  ,                 850,             151.7
   0.3,           10.0  ,                 900,             128.8
   0.3,           10.0  ,                 950,             103.5
   0.3,           10.0  ,                1000,              76.8
   0.3,           10.0  ,                1050,              65.1
   0.3,           10.0  ,                1100,              50.0
   0.3,           10.0  ,                1150,              43.3
   0.3,           10.0  ,                1200,              30.2
   0.3,          100.0  ,                 850,             269.7
   0.3,          100.0  ,                 900,             173.3
   0.3,          100.0  ,                 950,             156.1
   0.3,          100.0  ,                1000,             129.9
   0.3,          100.0  ,                1050,              91.4
   0.3,          100.0  ,                1100,              78.4
   0.3,          100.0  ,                1150,              62.7
   0.3,          100.0  ,                1200,              48.2
   0.4,            0.001,                 900,            27.1
   0.4,            0.001,                 850,            18.5
   0.4,            0.001,                 950,            14.0
   0.4,            0.001,                1000,            9.7
   0.4,            0.001,                1050,            8.0
   0.4,            0.001,                1100,            6.1
   0.4,            0.001,                1150,            3.4
   0.4,            0.001,                1200,            2.6
   0.4,            0.01 ,                 850,            47.1
   0.4,            0.01 ,                 900,            32.7
   0.4,            0.01 ,                 950,            23.9
   0.4,            0.01 ,                1000,            18.6
   0.4,            0.01 ,                1050,            12.6
   0.4,            0.01 ,                1100,            9.8
   0.4,            0.01 ,                1150,            8.6
   0.4,            0.01 ,                1200,            5.4
   0.4,            0.1  ,                 850,            71.3
   0.4,            0.1  ,                 900,            49.5
   0.4,            0.1  ,                 950,            40.2
   0.4,            0.1  ,                1000,            30.1
   0.4,            0.1  ,                1050,            22.8
   0.4,            0.1  ,                1100,            18.3
   0.4,            0.1  ,                1150,            13.9
   0.4,            0.1  ,                1200,            9.8
   0.4,            1.0  ,                 850,            103.6
   0.4,            1.0  ,                 900,            82.9
   0.4,            1.0  ,                 950,            61.6
   0.4,            1.0  ,                1000,            48.1
   0.4,            1.0  ,                1050,            43.5
   0.4,            1.0  ,                1100,            32.1
   0.4,            1.0  ,                1150,            26.3
   0.4,            1.0  ,                1200,            21.4
   0.4,           10.0  ,                 850,            154.0
   0.4,           10.0  ,                 900,            128.1
   0.4,           10.0  ,                 950,            104.3
   0.4,           10.0  ,                1000,            77.8
   0.4,           10.0  ,                1050,            66.8
   0.4,           10.0  ,                1100,            50.6
   0.4,           10.0  ,                1150,            43.5
   0.4,           10.0  ,                1200,            30.8
   0.4,          100.0  ,                 850,            264.5
   0.4,          100.0  ,                 900,            177.2
   0.4,          100.0  ,                 950,            159.2
   0.4,          100.0  ,                1000,            133.1
   0.4,          100.0  ,                1050,            91.8
   0.4,          100.0  ,                1100,            80.2
   0.4,          100.0  ,                1150,            64.1
   0.4,          100.0  ,                1200,            47.2
   0.5,            0.001,                 900,           27.7
   0.5,            0.001,                 850,           18.7
   0.5,            0.001,                 950,           14.2
   0.5,            0.001,                1000,           10.4
   0.5,            0.001,                1050,           8.1
   0.5,            0.001,                1100,           6.2
   0.5,            0.001,                1150,           3.4
   0.5,            0.001,                1200,           2.6
   0.5,            0.01 ,                 850,           47.7
   0.5,            0.01 ,                 900,           33.4
   0.5,            0.01 ,                 950,           24.2
   0.5,            0.01 ,                1000,           18.8
   0.5,            0.01 ,                1050,           13.0
   0.5,            0.01 ,                1100,           10.0
   0.5,            0.01 ,                1150,           8.5
   0.5,            0.01 ,                1200,           5.4
   0.5,            0.1  ,                 850,           72.2
   0.5,            0.1  ,                 900,           50.6
   0.5,            0.1  ,                 950,           41.0
   0.5,            0.1  ,                1000,           31.0
   0.5,            0.1  ,                1050,           22.7
   0.5,            0.1  ,                1100,           18.7
   0.5,            0.1  ,                1150,           14.2
   0.5,            0.1  ,                1200,           9.8
   0.5,            1.0  ,                 850,           105.6
   0.5,            1.0  ,                 900,           83.8
   0.5,            1.0  ,                 950,           61.9
   0.5,            1.0  ,                1000,           49.3
   0.5,            1.0  ,                1050,           44.0
   0.5,            1.0  ,                1100,           32.8
   0.5,            1.0  ,                1150,           26.8
   0.5,            1.0  ,                1200,           21.9
   0.5,           10.0  ,                 850,           155.5
   0.5,           10.0  ,                 900,           130.6
   0.5,           10.0  ,                 950,           104.2
   0.5,           10.0  ,                1000,           78.2
   0.5,           10.0  ,                1050,           67.4
   0.5,           10.0  ,                1100,           51.6
   0.5,           10.0  ,                1150,           45.1
   0.5,           10.0  ,                1200,           31.1
   0.5,          100.0  ,                 850,           255.1
   0.5,          100.0  ,                 900,           172.4
   0.5,          100.0  ,                 950,           156.1
   0.5,          100.0  ,                1000,           131.9
   0.5,          100.0  ,                1050,           89.6
   0.5,          100.0  ,                1100,           79.0
   0.5,          100.0  ,                1150,           64.0
   0.5,          100.0  ,                1200,           43.8
