Strain,Strain Rate (/s),Temperature (deg C),Flow Stress (MPa)
0.1,0.001,900,127.1
0.1,0.001,950,93.0
0.1,0.001,1000,71.9
0.1,0.001,1050,54.1
0.1,0.001,1100,46.1
0.1,0.001,1150,35.3
0.1,0.001,1200,27.7
0.1,0.01,900,214.0
0.1,0.01,950,140.2
0.1,0.01,1000,113.7
0.1,0.01,1050,87.6
0.1,0.01,1100,69.0
0.1,0.01,1150,53.2
0.1,0.01,1200,39.0
0.1,0.1,900,245.6
0.1,0.1,950,190.0
0.1,0.1,1000,157.1
0.1,0.1,1050,120.7
0.1,0.1,1100,106.2
0.1,0.1,1150,85.2
0.1,0.1,1200,67.6
0.1,1,900,422.4
0.1,1,950,242.6
0.1,1,1000,231.5
0.1,1,1050,171.9
0.1,1,1100,141.7
0.1,1,1150,104.6
0.1,1,1200,78.5
0.1,10,900,383.2
0.1,10,950,315.2
0.1,10,1000,255.4
0.1,10,1050,220.3
0.1,10,1100,179.3
0.1,10,1150,149.4
0.1,10,1200,124.9
0.1,100,900,273.9
0.1,100,950,266.5
0.1,100,1000,244.9
0.1,100,1050,231.0
0.1,100,1100,195.6
0.1,100,1150,192.9
0.1,100,1200,138.6

0.2,0.001,900,138.5
0.2,0.001,950,100.6
0.2,0.001,1000,78.1
0.2,0.001,1050,57.6
0.2,0.001,1100,46.1
0.2,0.001,1150,33.3
0.2,0.001,1200,27.5
0.2,0.01,900,217.5
0.2,0.01,950,155.0
0.2,0.01,1000,124.6
0.2,0.01,1050,98.4
0.2,0.01,1100,78.4
0.2,0.01,1150,57.5
0.2,0.01,1200,40.9
0.2,0.1,900,266.3
0.2,0.1,950,211.9
0.2,0.1,1000,174.6
0.2,0.1,1050,134.0
0.2,0.1,1100,117.6
0.2,0.1,1150,94.0
0.2,0.1,1200,74.2
0.2,1,900,385.8
0.2,1,950,280.6
0.2,1,1000,266.5
0.2,1,1050,193.5
0.2,1,1100,157.6
0.2,1,1150,113.7
0.2,1,1200,83.3
0.2,10,900,384.7
0.2,10,950,358.3
0.2,10,1000,301.9
0.2,10,1050,260.1
0.2,10,1100,206.9
0.2,10,1150,163.0
0.2,10,1200,132.4
0.2,100,900,324.7
0.2,100,950,320.9
0.2,100,1000,298.1
0.2,100,1050,278.0
0.2,100,1100,232.2
0.2,100,1150,228.2
0.2,100,1200,154.3

0.3,0.001,900,145.1
0.3,0.001,950,105.4
0.3,0.001,1000,79.5
0.3,0.001,1050,55.7
0.3,0.001,1100,44.9
0.3,0.001,1150,33.0
0.3,0.001,1200,26.1
0.3,0.01,900,219.3
0.3,0.01,950,163.1
0.3,0.01,1000,129.3
0.3,0.01,1050,101.8
0.3,0.01,1100,77.7
0.3,0.01,1150,56.9
0.3,0.01,1200,38.7
0.3,0.1,900,280.9
0.3,0.1,950,225.1
0.3,0.1,1000,186.2
0.3,0.1,1050,139.1
0.3,0.1,1100,122.5
0.3,0.1,1150,98.0
0.3,0.1,1200,76.1
0.3,1,900,352.8
0.3,1,950,303.2
0.3,1,1000,287.3
0.3,1,1050,207.2
0.3,1,1100,166.7
0.3,1,1150,118.9
0.3,1,1200,86.7
0.3,10,900,368.2
0.3,10,950,382.2
0.3,10,1000,325.8
0.3,10,1050,279.3
0.3,10,1100,219.7
0.3,10,1150,172.1
0.3,10,1200,139.1
0.3,100,900,344.8
0.3,100,950,352.4
0.3,100,1000,325.8
0.3,100,1050,298.5
0.3,100,1100,254.7
0.3,100,1150,252.9
0.3,100,1200,164.8

0.4,0.001,900,148.9
0.4,0.001,950,107.6
0.4,0.001,1000,78.4
0.4,0.001,1050,55.4
0.4,0.001,1100,47.3
0.4,0.001,1150,32.5
0.4,0.001,1200,26.2
0.4,0.01,900,220.0
0.4,0.01,950,167.8
0.4,0.01,1000,129.3
0.4,0.01,1050,100.8
0.4,0.01,1100,75.2
0.4,0.01,1150,56.4
0.4,0.01,1200,39.1
0.4,0.1,900,289.2
0.4,0.1,950,238.1
0.4,0.1,1000,191.5
0.4,0.1,1050,140.7
0.4,0.1,1100,124.5
0.4,0.1,1150,99.1
0.4,0.1,1200,80.5
0.4,1,900,332.6
0.4,1,950,321.6
0.4,1,1000,305.2
0.4,1,1050,211.3
0.4,1,1100,171.6
0.4,1,1150,120.6
0.4,1,1200,88.0
0.4,10,900,366.8
0.4,10,950,409.0
0.4,10,1000,348.4
0.4,10,1050,297.2
0.4,10,1100,226.9
0.4,10,1150,175.3
0.4,10,1200,141.1
0.4,100,900,375.0
0.4,100,950,374.8
0.4,100,1000,343.1
0.4,100,1050,311.1
0.4,100,1100,263.3
0.4,100,1150,262.5
0.4,100,1200,177.0

0.5,0.001,900,154.4
0.5,0.001,950,106.6
0.5,0.001,1000,80.6
0.5,0.001,1050,57.2
0.5,0.001,1100,49.5
0.5,0.001,1150,34.3
0.5,0.001,1200,27.6
0.5,0.01,900,221.9
0.5,0.01,950,169.6
0.5,0.01,1000,128.4
0.5,0.01,1050,101.8
0.5,0.01,1100,75.3
0.5,0.01,1150,56.6
0.5,0.01,1200,41.2
0.5,0.1,900,297.6
0.5,0.1,950,256.1
0.5,0.1,1000,195.1
0.5,0.1,1050,141.0
0.5,0.1,1100,128.2
0.5,0.1,1150,103.2
0.5,0.1,1200,85.6
0.5,1,900,320.6
0.5,1,950,344.1
0.5,1,1000,329.6
0.5,1,1050,215.8
0.5,1,1100,172.0
0.5,1,1150,120.4
0.5,1,1200,89.4
0.5,10,900,376.8
0.5,10,950,436.9
0.5,10,1000,372.1
0.5,10,1050,313.9
0.5,10,1100,233.7
0.5,10,1150,177.9
0.5,10,1200,143.5
0.5,100,900,396.5
0.5,100,950,386.6
0.5,100,1000,350.5
0.5,100,1050,309.1
0.5,100,1100,260.5
0.5,100,1150,260.2
0.5,100,1200,193.3
