Strain,Strain Rate (/s),Temperature (deg C),Flow Stress (MPa)
0.1,0.001,850,82.3
0.1,0.001,900,67.8
0.1,0.001,950,57.0
0.1,0.001,1000,52.1
0.1,0.001,1050,43.3
0.1,0.001,1100,24.3
0.1,0.001,1150,21.3
0.1,0.001,1200,15.0
0.1,0.01,850,104.6
0.1,0.01,900,107.6
0.1,0.01,950,87.5
0.1,0.01,1000,70.6
0.1,0.01,1050,48.5
0.1,0.01,1100,36.3
0.1,0.01,1150,23.9
0.1,0.01,1200,32.6
0.1,0.1,850,123.6
0.1,0.1,900,144.0
0.1,0.1,950,113.6
0.1,0.1,1000,89.1
0.1,0.1,1050,78.1
0.1,0.1,1100,62.8
0.1,0.1,1150,42.0
0.1,0.1,1200,36.3
0.1,1.0,850,171.9
0.1,1.0,900,154.8
0.1,1.0,950,157.9
0.1,1.0,1000,127.3
0.1,1.0,1050,105.1
0.1,1.0,1100,73.2
0.1,1.0,1150,49.5
0.1,1.0,1200,52.8
0.1,10.0,850,196.4
0.1,10.0,900,204.4
0.1,10.0,950,182.4
0.1,10.0,1000,157.9
0.1,10.0,1050,143.4
0.1,10.0,1100,109.1
0.1,10.0,1150,52.6
0.1,10.0,1200,65.1
0.1,100.0,850,214.8
0.1,100.0,900,218.7
0.1,100.0,950,188.1
0.1,100.0,1000,163.3
0.1,100.0,1050,139.9
0.1,100.0,1100,115.6
0.1,100.0,1150,110.0
0.1,100.0,1200,89.8
0.2,0.001,850,89.8
0.2,0.001,900,73.3
0.2,0.001,950,63.6
0.2,0.001,1000,57.3
0.2,0.001,1050,46.6
0.2,0.001,1100,23.7
0.2,0.001,1150,19.9
0.2,0.001,1200,14.9
0.2,0.01,850,112.8
0.2,0.01,900,115.6
0.2,0.01,950,95.7
0.2,0.01,1000,76.3
0.2,0.01,1050,50.0
0.2,0.01,1100,36.4
0.2,0.01,1150,21.0
0.2,0.01,1200,30.0
0.2,0.1,850,139.4
0.2,0.1,900,167.4
0.2,0.1,950,130.1
0.2,0.1,1000,99.5
0.2,0.1,1050,84.4
0.2,0.1,1100,64.6
0.2,0.1,1150,49.2
0.2,0.1,1200,42.2
0.2,1.0,850,204.8
0.2,1.0,900,178.4
0.2,1.0,950,181.2
0.2,1.0,1000,151.3
0.2,1.0,1050,121.0
0.2,1.0,1100,83.1
0.2,1.0,1150,61.6
0.2,1.0,1200,64.1
0.2,10.0,850,222.1
0.2,10.0,900,240.8
0.2,10.0,950,215.7
0.2,10.0,1000,187.0
0.2,10.0,1050,172.9
0.2,10.0,1100,127.5
0.2,10.0,1150,65.2
0.2,10.0,1200,76.0
0.2,100.0,850,252.5
0.2,100.0,900,269.2
0.2,100.0,950,233.5
0.2,100.0,1000,204.8
0.2,100.0,1050,175.0
0.2,100.0,1100,140.7
0.2,100.0,1150,130.8
0.2,100.0,1200,108.8
0.3,0.001,850,91.7
0.3,0.001,900,78.6
0.3,0.001,950,66.2
0.3,0.001,1000,59.3
0.3,0.001,1050,44.7
0.3,0.001,1100,25.6
0.3,0.001,1150,20.6
0.3,0.001,1200,14.5
0.3,0.01,850,120.1
0.3,0.01,900,126.4
0.3,0.01,950,97.4
0.3,0.01,1000,74.4
0.3,0.01,1050,49.6
0.3,0.01,1100,37.1
0.3,0.01,1150,23.4
0.3,0.01,1200,32.1
0.3,0.1,850,145.8
0.3,0.1,900,171.6
0.3,0.1,950,131.5
0.3,0.1,1000,96.8
0.3,0.1,1050,79.7
0.3,0.1,1100,62.9
0.3,0.1,1150,45.2
0.3,0.1,1200,37.5
0.3,1.0,850,221.6
0.3,1.0,900,196.5
0.3,1.0,950,188.3
0.3,1.0,1000,158.0
0.3,1.0,1050,126.6
0.3,1.0,1100,81.9
0.3,1.0,1150,65.3
0.3,1.0,1200,68.1
0.3,10.0,850,242.8
0.3,10.0,900,266.3
0.3,10.0,950,235.3
0.3,10.0,1000,212.2
0.3,10.0,1050,183.9
0.3,10.0,1100,132.1
0.3,10.0,1150,69.8
0.3,10.0,1200,82.0
0.3,100.0,850,279.5
0.3,100.0,900,305.3
0.3,100.0,950,260.4
0.3,100.0,1000,227.8
0.3,100.0,1050,200.5
0.3,100.0,1100,154.2
0.3,100.0,1150,139.9
0.3,100.0,1200,119.9
0.4,0.001,850,90.5
0.4,0.001,900,78.6
0.4,0.001,950,67.5
0.4,0.001,1000,59.1
0.4,0.001,1050,45.0
0.4,0.001,1100,25.1
0.4,0.001,1150,20.1
0.4,0.001,1200,14.9
0.4,0.01,850,122.9
0.4,0.01,900,128.9
0.4,0.01,950,107.3
0.4,0.01,1000,78.7
0.4,0.01,1050,50.7
0.4,0.01,1100,37.3
0.4,0.01,1150,22.4
0.4,0.01,1200,29.9
0.4,0.1,850,153.9
0.4,0.1,900,173.7
0.4,0.1,950,135.7
0.4,0.1,1000,96.9
0.4,0.1,1050,83.2
0.4,0.1,1100,64.4
0.4,0.1,1150,44.5
0.4,0.1,1200,36.6
0.4,1.0,850,237.7
0.4,1.0,900,205.6
0.4,1.0,950,188.3
0.4,1.0,1000,157.2
0.4,1.0,1050,122.1
0.4,1.0,1100,78.8
0.4,1.0,1150,62.2
0.4,1.0,1200,65.0
0.4,10.0,850,257.4
0.4,10.0,900,270.8
0.4,10.0,950,239.3
0.4,10.0,1000,215.0
0.4,10.0,1050,189.1
0.4,10.0,1100,130.8
0.4,10.0,1150,72.5
0.4,10.0,1200,85.5
0.4,100.0,850,296.5
0.4,100.0,900,320.9
0.4,100.0,950,274.4
0.4,100.0,1000,238.7
0.4,100.0,1050,211.0
0.4,100.0,1100,157.1
0.4,100.0,1150,142.1
0.4,100.0,1200,125.6
0.5,0.001,850,90.5
0.5,0.001,900,77.6
0.5,0.001,950,67.5
0.5,0.001,1000,59.1
0.5,0.001,1050,46.3
0.5,0.001,1100,25.4
0.5,0.001,1150,19.8
0.5,0.001,1200,15.0
0.5,0.01,850,125.4
0.5,0.01,900,128.9
0.5,0.01,950,107.3
0.5,0.01,1000,83.5
0.5,0.01,1050,50.2
0.5,0.01,1100,38.0
0.5,0.01,1150,23.5
0.5,0.01,1200,30.8
0.5,0.1,850,153.9
0.5,0.1,900,173.7
0.5,0.1,950,135.7
0.5,0.1,1000,99.0
0.5,0.1,1050,83.3
0.5,0.1,1100,64.4
0.5,0.1,1150,44.2
0.5,0.1,1200,36.3
0.5,1.0,850,237.1
0.5,1.0,900,206.6
0.5,1.0,950,188.3
0.5,1.0,1000,157.2
0.5,1.0,1050,117.0
0.5,1.0,1100,78.1
0.5,1.0,1150,59.5
0.5,1.0,1200,60.9
0.5,10.0,850,257.4
0.5,10.0,900,270.8
0.5,10.0,950,239.3
0.5,10.0,1000,215.6
0.5,10.0,1050,189.4
0.5,10.0,1100,130.8
0.5,10.0,1150,71.6
0.5,10.0,1200,85.3
0.5,100.0,850,296.5
0.5,100.0,900,320.9
0.5,100.0,950,274.4
0.5,100.0,1000,238.7
0.5,100.0,1050,211.0
0.5,100.0,1100,153.6
0.5,100.0,1150,141.2
0.5,100.0,1200,127.4
